model,accuracy,precision,recall,f1,roc_auc
HybridMLGA,0.8289732328394757,0.12829666326679295,0.35065710872162487,0.18786003840409643,0.7354724279535142
