model,accuracy,precision,recall,f1,roc_auc
HybridMLDL,0.8388803396722343,0.1081876260928043,0.25627240143369173,0.15214564369310793,0.6432085503150462
