model,accuracy,precision,recall,f1,roc_auc
HybridMLGA,0.7339285714285714,0.749656540986109,0.7019725557461407,0.7250313722595408,0.7998869040447033
