model,accuracy,precision,recall,f1,roc_auc
HybridMLDL,0.7231428571428572,0.7149944873208379,0.7415666094911378,0.728038170081392,0.7878807266549311
